generation,Individual,chromosome_ID,genes,fitness,test_EXP_VAR_SCORE,test_MAE,test_MAPE,test_MAX_ERROR,test_MSE,test_R2,test_RMSE,train_EXP_VAR_SCORE,train_MAE,train_MAPE,train_MAX_ERROR,train_MSE,train_R2,train_RMSE
0,0,8,"[0.076634, 0.358, 1, 32, 'relu', 'mae', ['GRU'], 'Nadam']",45.58759242938658,0.8227879519738539,4.607108010317018,0.2072484384813974,52.10263916015624,45.58759242938658,0.7892838603488399,6.751858442635374,0.8410138078918192,5.471070425694441,0.2511369901041637,66.58758396148681,62.623853615095314,0.8018199981424706,7.913523463988422
0,1,1,"[0.085843, 0.497, 4, 16, 'relu', 'mse', ['GRU'], 'Adam']",109.361884792773,0.5041824024624033,7.481317249617208,0.4060942837220833,57.53208633422851,109.361884792773,0.4945046895336096,10.457623286042244,0.5535062776703008,8.608771522301305,0.4679138260216483,64.02302749633789,150.57309764575297,0.5234950414495687,12.270823022346669
0,2,4,"[0.083488, 0.257, 4, 32, 'relu', 'mse', ['LSTM'], 'Adamax']",147.85497787900147,0.3186397237307328,8.507712556496863,0.455539502743147,63.71777549743652,147.85497787900147,0.3165809268140357,12.159563227312134,0.3040518467384526,10.938601861333066,0.6097871040432188,66.69679183959961,219.9204546638721,0.3040377811676362,14.829715259028816
0,3,2,"[0.023294, 0.295, 2, 8, 'elu', 'mape', [['GRU', 'LSTM']], 'RMSprop']",168.6901361791611,0.5748141320604897,9.246106521091718,0.3581502468782512,67.98373695373535,168.6901361791611,0.2202761234219531,12.988076692842595,0.5583104591503479,10.5644382868975,0.3641510062398919,68.8375224494934,230.2255410823074,0.2714262134078519,15.173184935349182
0,4,9,"[0.089102, 0.266, 2, 32, 'sigmoid', 'mae', [['LSTM', 'GRU']], 'RMSprop']",199.9989847240888,0.2440909869249869,8.967714346082483,0.3600780950442551,63.88095947265624,199.9989847240888,0.0755595601919704,14.142099728261316,0.2414328445254417,11.484193629704604,0.450743894155675,67.99161918640137,313.9574714901097,0.0064474047617986,17.718845094703823
0,5,5,"[0.045603, 0.399, 2, 32, 'sigmoid', 'mae', [['GRU', 'SimpleRNN']], 'Ftrl']",216.46854801694852,1.7646481194399932e-05,10.92214189521953,0.6218009933334188,62.99075477600098,216.46854801694852,-0.0005664779221803,14.71287014885092,1.9283340455644726e-05,12.813213989620373,0.6738985449468192,63.00082153320312,330.0670872761926,-0.0445332280499837,18.167748547252422
0,6,0,"[0.017318, 0.349, 1, 8, 'relu', 'mape', ['LSTM'], 'Ftrl']",500,0.4405232017850505,20.570770876058724,1.0125965870590268,76.67440591812134,538.7059040533071,-1.4900202546390218,23.21003886367507,0.2436394267530843,19.18276819199851,0.8308115480376009,84.6782031300664,544.0089241799434,-0.7215754601614937,23.32399888912584
0,7,3,"[0.065482, 0.388, 4, 16, 'relu', 'mape', ['LSTM'], 'Adam']",500,0.0120391741913022,18.15978495807284,0.7011928134720435,81.19743507385255,542.8961219219892,-1.5093883872060938,23.300131371346158,0.0157278162035013,22.11954434316797,0.7513862182854362,81.23304857254028,799.5717472474007,-1.530331833755464,28.276699723401254
0,8,6,"[0.069247, 0.151, 2, 16, 'softplus', 'mape', [['LSTM', 'SimpleRNN']], 'Nadam']",500,0.311088891629618,72.55657398699607,3.9945001373339735,130.413943939209,5413.499586413837,-24.022416716109632,73.57648799999791,0.287454558535964,71.93202303597396,3.6836592859343065,137.3979244995117,5399.3766051288485,-16.08691503098435,73.4804504962296
0,9,7,"[0.089739, 0.149, 4, 16, 'softsign', 'mape', ['GRU'], 'SGD']",500,2.4646951146678475e-14,9728271.666694423,574675.1714939899,9728293.88,94639269621225.84,-437444060789.8706,9728271.66670554,-1.1302070390684095e-13,9728267.558983834,556354.7083102217,9728294.99,94639189699493.28,-299496018013.44653,9728267.559000077
1,0,8,"[0.076634, 0.358, 1, 32, 'relu', 'mae', ['GRU'], 'Nadam']",45.58759242938658,0.8227879519738539,4.607108010317018,0.2072484384813974,52.10263916015624,45.58759242938658,0.7892838603488399,6.751858442635374,0.8410138078918192,5.471070425694441,0.2511369901041637,66.58758396148681,62.623853615095314,0.8018199981424706,7.913523463988422
1,1,100,"[0.076634, 0.358, 1, 32, 'relu', 'mse', ['GRU'], 'Adamax']",75.28873646926081,0.6716010507760379,6.038471670374186,0.2905481631841878,53.93995803833008,75.28873646926081,0.6519984701409769,8.676908232156245,0.67994110746747,7.12228063204425,0.3804631971009093,65.91430862426758,101.44525194047816,0.6789654571312523,10.072003372739614
1,2,200,"[0.023294, 0.295, 2, 16, 'relu', 'mse', [['GRU', 'LSTM']], 'Adam']",76.8041036235028,0.684909463907762,5.841306618310208,0.2656396034289825,57.49687667846679,76.8041036235028,0.6449941011914511,8.763795046867697,0.6880691676414165,7.217512919549307,0.3370832314917831,64.11574214935303,110.99932161909058,0.6487305635986389,10.535621558270332
1,3,300,"[0.071177, 0.286, 1, 32, 'softplus', 'mae', ['GRU'], 'RMSprop']",100.68338456244368,0.6429605386016136,6.701209264420108,0.2741392722213691,55.5682148361206,100.68338456244368,0.5346186760164291,10.0341110499358,0.6397338557635321,7.878614530256016,0.3398449634010151,67.16725997924804,137.93474492403195,0.5634904844202491,11.74456235557681
1,4,100,"[0.085843, 0.497, 4, 8, 'elu', 'mape', ['GRU'], 'RMSprop']",178.55973616932243,0.5570110287482818,9.475684677145518,0.352755380663465,67.68657012939452,178.55973616932243,0.1746566050617923,13.362624598832465,0.559286267173122,10.622167268113484,0.3694450167580596,68.03526538848877,233.86636094184945,0.2599044426308289,15.29268978766814
1,5,200,"[0.083488, 0.257, 4, 32, 'relu', 'mae', ['LSTM'], 'Nadam']",180.31432021214368,0.3278159548056296,8.471009901211449,0.3357607113399198,70.0463218307495,180.31432021214368,0.1665465216708018,13.428116778317936,0.3101036911913323,11.396767222062625,0.4283177459732338,71.82583911895752,302.5692348009436,0.0424867194626255,17.394517377637804
1,6,9,"[0.089102, 0.266, 2, 32, 'sigmoid', 'mae', [['LSTM', 'GRU']], 'RMSprop']",199.9989847240888,0.2440909869249869,8.967714346082483,0.3600780950442551,63.88095947265624,199.9989847240888,0.0755595601919704,14.142099728261316,0.2414328445254417,11.484193629704604,0.450743894155675,67.99161918640137,313.9574714901097,0.0064474047617986,17.718845094703823
1,7,400,"[0.039848, 0.464, 2, 8, 'sigmoid', 'mse', [['GRU', 'GRU']], 'Nadam']",204.7954879711955,0.0583082541751704,10.196288319560267,0.5503173705781103,62.84335105895997,204.7954879711955,0.0533890397895139,14.310677411331566,0.0558719547870006,12.319163672395836,0.6162519222132478,63.70224456787109,321.2663261528236,-0.0166822614439217,17.923903764326106
1,8,5,"[0.045603, 0.399, 2, 32, 'sigmoid', 'mae', [['GRU', 'SimpleRNN']], 'Ftrl']",216.46854801694852,1.7646481194399932e-05,10.92214189521953,0.6218009933334188,62.99075477600098,216.46854801694852,-0.0005664779221803,14.71287014885092,1.9283340455644726e-05,12.813213989620373,0.6738985449468192,63.00082153320312,330.0670872761926,-0.0445332280499837,18.167748547252422
1,9,400,"[0.003746, 0.319, 1, 16, 'tanh', 'mape', ['LSTM'], 'Ftrl']",224.4756089049337,0.1884048074814295,9.917885488084876,0.3917784403618199,77.13770767211913,224.4756089049337,-0.0375769202455267,14.982510100278049,0.0942237660169734,14.732509287571531,0.5290444333336395,84.51282490968704,441.567874573083,-0.3973896071771736,21.013516473286497
2,0,8,"[0.076634, 0.358, 1, 32, 'relu', 'mae', ['GRU'], 'Nadam']",45.58759242938658,0.8227879519738539,4.607108010317018,0.2072484384813974,52.10263916015624,45.58759242938658,0.7892838603488399,6.751858442635374,0.8410138078918192,5.471070425694441,0.2511369901041637,66.58758396148681,62.623853615095314,0.8018199981424706,7.913523463988422
2,1,8,"[0.076634, 0.358, 1, 32, 'relu', 'mae', ['GRU'], 'Nadam']",45.58759242938658,0.8227879519738539,4.607108010317018,0.2072484384813974,52.10263916015624,45.58759242938658,0.7892838603488399,6.751858442635374,0.8410138078918192,5.471070425694441,0.2511369901041637,66.58758396148681,62.623853615095314,0.8018199981424706,7.913523463988422
2,2,401,"[0.089153, 0.376, 4, 8, 'softsign', 'mse', ['GRU'], 'Nadam']",50.3961338877189,0.7807834887961207,4.970220452929877,0.2466371210271698,50.82347747802734,50.3961338877189,0.7670576966175173,7.099023446060655,0.7775283487718638,6.090706434151541,0.3145313723734863,66.42407554626465,72.15414186956752,0.7716603635153415,8.49435941490396
2,3,201,"[0.045603, 0.399, 2, 32, 'relu', 'mse', [['GRU', 'SimpleRNN']], 'Adam']",59.84166483259897,0.7473882579198822,5.424103171026624,0.2697660163173073,52.10034317016601,59.84166483259897,0.7233983210814295,7.735739449632399,0.7732518432118656,6.648432142838836,0.3282252653889472,62.52857536315918,87.9515348664486,0.7216677937078624,9.378247963582997
2,4,100,"[0.076634, 0.358, 1, 32, 'relu', 'mse', ['GRU'], 'Adamax']",75.28873646926081,0.6716010507760379,6.038471670374186,0.2905481631841878,53.93995803833008,75.28873646926081,0.6519984701409769,8.676908232156245,0.67994110746747,7.12228063204425,0.3804631971009093,65.91430862426758,101.44525194047816,0.6789654571312523,10.072003372739614
2,5,301,"[0.079775, 0.368, 2, 16, 'relu', 'mse', [['LSTM', 'SimpleRNN']], 'Adamax']",120.707780272191,0.5011340444523794,7.25434351223693,0.3262568722507201,64.75761314392089,120.707780272191,0.4420614002765227,10.986709255832292,0.4972490019512658,9.047948634744078,0.434119915539439,64.96576126098633,171.69972967534844,0.4566375145940299,13.10342434920538
2,6,100,"[0.085843, 0.497, 4, 8, 'elu', 'mape', ['GRU'], 'RMSprop']",178.55973616932243,0.5570110287482818,9.475684677145518,0.352755380663465,67.68657012939452,178.55973616932243,0.1746566050617923,13.362624598832465,0.559286267173122,10.622167268113484,0.3694450167580596,68.03526538848877,233.86636094184945,0.2599044426308289,15.29268978766814
2,7,200,"[0.083488, 0.257, 4, 32, 'relu', 'mae', ['LSTM'], 'Nadam']",180.31432021214368,0.3278159548056296,8.471009901211449,0.3357607113399198,70.0463218307495,180.31432021214368,0.1665465216708018,13.428116778317936,0.3101036911913323,11.396767222062625,0.4283177459732338,71.82583911895752,302.5692348009436,0.0424867194626255,17.394517377637804
2,8,9,"[0.089102, 0.266, 2, 32, 'sigmoid', 'mae', [['LSTM', 'GRU']], 'RMSprop']",199.9989847240888,0.2440909869249869,8.967714346082483,0.3600780950442551,63.88095947265624,199.9989847240888,0.0755595601919704,14.142099728261316,0.2414328445254417,11.484193629704604,0.450743894155675,67.99161918640137,313.9574714901097,0.0064474047617986,17.718845094703823
2,9,101,"[0.023294, 0.295, 2, 16, 'sigmoid', 'mae', [['GRU', 'LSTM']], 'Ftrl']",269.7450921386475,1.3441120582324828e-05,10.443678973587629,0.4121400551932763,70.65396469116212,269.7450921386475,-0.2468226874087442,16.423918294324515,1.6443378356600924e-05,13.838211618363625,0.5106966361090632,70.66404670715332,446.2982430002732,-0.4123593730023382,21.125772009568625
3,0,202,"[0.076634, 0.358, 1, 32, 'relu', 'mae', ['GRU'], 'Nadam']",45.58759242938658,0.8227879519738539,4.607108010317018,0.2072484384813974,52.10263916015624,45.58759242938658,0.7892838603488399,6.751858442635374,0.8410138078918192,5.471070425694441,0.2511369901041637,66.58758396148681,62.623853615095314,0.8018199981424706,7.913523463988422
3,1,8,"[0.076634, 0.358, 1, 32, 'relu', 'mae', ['GRU'], 'Nadam']",45.58759242938658,0.8227879519738539,4.607108010317018,0.2072484384813974,52.10263916015624,45.58759242938658,0.7892838603488399,6.751858442635374,0.8410138078918192,5.471070425694441,0.2511369901041637,66.58758396148681,62.623853615095314,0.8018199981424706,7.913523463988422
3,2,201,"[0.045603, 0.399, 2, 32, 'relu', 'mse', [['GRU', 'SimpleRNN']], 'Adam']",59.84166483259897,0.7473882579198822,5.424103171026624,0.2697660163173073,52.10034317016601,59.84166483259897,0.7233983210814295,7.735739449632399,0.7732518432118656,6.648432142838836,0.3282252653889472,62.52857536315918,87.9515348664486,0.7216677937078624,9.378247963582997
3,3,202,"[0.079775, 0.368, 2, 8, 'softsign', 'mse', [['LSTM', 'SimpleRNN']], 'Nadam']",64.40241500343481,0.7104560933155696,5.347986846285678,0.258080388158004,57.138535461425775,64.40241500343481,0.7023175045982936,8.025111525918803,0.696850008499341,6.855484928504311,0.3236234647023522,66.1574711227417,99.89034587902604,0.6838861266263117,9.994515790123405
3,4,102,"[0.076634, 0.358, 1, 32, 'relu', 'mse', ['GRU'], 'Adamax']",75.28873646926081,0.6716010507760379,6.038471670374186,0.2905481631841878,53.93995803833008,75.28873646926081,0.6519984701409769,8.676908232156245,0.67994110746747,7.12228063204425,0.3804631971009093,65.91430862426758,101.44525194047816,0.6789654571312523,10.072003372739614
3,5,102,"[0.089153, 0.376, 4, 16, 'relu', 'mse', ['GRU'], 'Adamax']",115.07196863845236,0.5293655962762436,7.117241335052928,0.3203558384336372,59.332925491333015,115.07196863845236,0.4681113934430181,10.72716032500924,0.5322554406367324,8.659397567342369,0.4108658202310248,64.70479400634765,160.68606659555854,0.4914914503327406,12.676200795015774
3,6,301,"[0.079775, 0.368, 2, 16, 'relu', 'mse', [['LSTM', 'SimpleRNN']], 'Adamax']",120.707780272191,0.5011340444523794,7.25434351223693,0.3262568722507201,64.75761314392089,120.707780272191,0.4420614002765227,10.986709255832292,0.4972490019512658,9.047948634744078,0.434119915539439,64.96576126098633,171.69972967534844,0.4566375145940299,13.10342434920538
3,7,100,"[0.085843, 0.497, 4, 8, 'elu', 'mape', ['GRU'], 'RMSprop']",178.55973616932243,0.5570110287482818,9.475684677145518,0.352755380663465,67.68657012939452,178.55973616932243,0.1746566050617923,13.362624598832465,0.559286267173122,10.622167268113484,0.3694450167580596,68.03526538848877,233.86636094184945,0.2599044426308289,15.29268978766814
3,8,402,"[0.031386, 0.173, 4, 32, 'sigmoid', 'mse', ['GRU'], 'Adagrad']",223.5446883907978,0.0001090217511834,11.759530915574294,0.7181786635512921,60.661840133667,223.5446883907978,-0.033273995554677,14.95141091639173,0.0001864047920775,13.219054868083592,0.7572801814060294,60.66978401184082,317.9411716300192,-0.006159447987627,17.83090495824649
3,9,302,"[0.076634, 0.358, 1, 32, 'sigmoid', 'mape', ['SimpleRNN'], 'Nadam']",500,0.2305907608040751,23.016205807290245,1.0289187135507352,80.90064304351807,696.204335478014,-2.2180135462859383,26.38568429050143,0.2241854319304934,25.87047795321357,0.9835568589324356,87.06117306947708,914.4191498735984,-1.893778941397302,30.23936424387256
4,0,103,"[0.076634, 0.358, 1, 32, 'softsign', 'mse', ['GRU'], 'Nadam']",27.91717178407504,0.8847156532205175,3.519354976392631,0.1586404791991117,48.62001613616943,27.91717178407504,0.8709605321353502,5.283670294792724,0.8762203730118487,4.561652659187727,0.1752867961259053,71.40730518341064,45.23397344324607,0.8568521669697268,6.725620673458032
4,1,203,"[0.076634, 0.358, 1, 32, 'relu', 'mse', ['SimpleRNN'], 'Adam']",37.35730412196841,0.8300697375088496,4.269542213353423,0.2253150843391846,46.61159614562988,37.35730412196841,0.8273261101790219,6.112062182436334,0.840293996255662,5.033355966569443,0.2759885989144925,68.23356002807617,50.86327501121309,0.839037629364724,7.131849340193123
4,2,203,"[0.076634, 0.358, 1, 32, 'relu', 'mae', ['GRU'], 'Nadam']",45.58759242938658,0.8227879519738539,4.607108010317018,0.2072484384813974,52.10263916015624,45.58759242938658,0.7892838603488399,6.751858442635374,0.8410138078918192,5.471070425694441,0.2511369901041637,66.58758396148681,62.623853615095314,0.8018199981424706,7.913523463988422
4,3,202,"[0.076634, 0.358, 1, 32, 'relu', 'mae', ['GRU'], 'Nadam']",45.58759242938658,0.8227879519738539,4.607108010317018,0.2072484384813974,52.10263916015624,45.58759242938658,0.7892838603488399,6.751858442635374,0.8410138078918192,5.471070425694441,0.2511369901041637,66.58758396148681,62.623853615095314,0.8018199981424706,7.913523463988422
4,4,103,"[0.076634, 0.358, 1, 32, 'relu', 'mse', ['GRU'], 'Adamax']",75.28873646926081,0.6716010507760379,6.038471670374186,0.2905481631841878,53.93995803833008,75.28873646926081,0.6519984701409769,8.676908232156245,0.67994110746747,7.12228063204425,0.3804631971009093,65.91430862426758,101.44525194047816,0.6789654571312523,10.072003372739614
4,5,203,"[0.079775, 0.368, 2, 8, 'relu', 'mae', [['LSTM', 'SimpleRNN']], 'Nadam']",113.92255590080958,0.4976113507972433,7.45258701793064,0.3829373403672708,56.07883354187011,113.92255590080958,0.4734242384965733,10.673450983670165,0.5854367768468305,8.310624931452585,0.4415191034464247,63.67349128723144,142.58409643627897,0.5487771054417424,11.940858278879244
4,6,303,"[0.065586, 0.376, 1, 16, 'softplus', 'mse', ['LSTM'], 'Adamax']",173.57233365372673,0.2435640298075048,8.735424214628456,0.4194808644698261,63.68563354492187,173.57233365372673,0.197709504962147,13.174685334144671,0.2703951526620015,10.75393583670391,0.5262387865171412,66.44463844299317,250.06012067638295,0.2086575271344523,15.81328936927365
4,7,100,"[0.085843, 0.497, 4, 8, 'elu', 'mape', ['GRU'], 'RMSprop']",178.55973616932243,0.5570110287482818,9.475684677145518,0.352755380663465,67.68657012939452,178.55973616932243,0.1746566050617923,13.362624598832465,0.559286267173122,10.622167268113484,0.3694450167580596,68.03526538848877,233.86636094184945,0.2599044426308289,15.29268978766814
4,8,403,"[0.069879, 0.413, 1, 16, 'sigmoid', 'mse', ['SimpleRNN'], 'Adadelta']",182.1796442885032,0.15793607053861,9.988600157346818,0.5628902771221094,61.34512855529785,182.1796442885032,0.1579245728548456,13.497393981376671,0.1682877932909126,11.637980795391483,0.5947564115307484,63.10427909851074,279.3910252103106,0.1158366868402097,16.71499402363969
4,9,103,"[0.045603, 0.399, 2, 32, 'sigmoid', 'mape', [['GRU', 'SimpleRNN']], 'Nadam']",500,0.0412245786690793,37.58165987914519,1.8493295224864408,99.87853687286378,1619.808379660784,-6.487119861953936,40.24684310179848,0.0395873749851319,41.50180975740096,1.8157058647325808,100.87837295532226,2025.8856257708849,-5.411135596127509,45.00983921067576
5,0,103,"[0.076634, 0.358, 1, 32, 'softsign', 'mse', ['GRU'], 'Nadam']",27.91717178407504,0.8847156532205175,3.519354976392631,0.1586404791991117,48.62001613616943,27.91717178407504,0.8709605321353502,5.283670294792724,0.8762203730118487,4.561652659187727,0.1752867961259053,71.40730518341064,45.23397344324607,0.8568521669697268,6.725620673458032
5,1,203,"[0.076634, 0.358, 1, 32, 'relu', 'mse', ['SimpleRNN'], 'Adam']",37.35730412196841,0.8300697375088496,4.269542213353423,0.2253150843391846,46.61159614562988,37.35730412196841,0.8273261101790219,6.112062182436334,0.840293996255662,5.033355966569443,0.2759885989144925,68.23356002807617,50.86327501121309,0.839037629364724,7.131849340193123
5,2,203,"[0.076634, 0.358, 1, 32, 'relu', 'mse', ['SimpleRNN'], 'Adam']",37.35730412196841,0.8300697375088496,4.269542213353423,0.2253150843391846,46.61159614562988,37.35730412196841,0.8273261101790219,6.112062182436334,0.840293996255662,5.033355966569443,0.2759885989144925,68.23356002807617,50.86327501121309,0.839037629364724,7.131849340193123
5,3,104,"[0.076634, 0.358, 1, 32, 'softsign', 'mse', ['GRU'], 'Adamax']",42.97923012393022,0.8029842298666192,4.786829478780719,0.2569281859723673,49.63759521484375,42.97923012393022,0.8013402995360751,6.555854644814071,0.7858781162894641,6.122282347550749,0.326613844173495,64.71977275848388,69.08446843955866,0.7813746792423846,8.311706710390993
5,4,202,"[0.076634, 0.358, 1, 32, 'relu', 'mae', ['GRU'], 'Nadam']",45.58759242938658,0.8227879519738539,4.607108010317018,0.2072484384813974,52.10263916015624,45.58759242938658,0.7892838603488399,6.751858442635374,0.8410138078918192,5.471070425694441,0.2511369901041637,66.58758396148681,62.623853615095314,0.8018199981424706,7.913523463988422
5,5,202,"[0.076634, 0.358, 1, 32, 'relu', 'mae', ['GRU'], 'Nadam']",45.58759242938658,0.8227879519738539,4.607108010317018,0.2072484384813974,52.10263916015624,45.58759242938658,0.7892838603488399,6.751858442635374,0.8410138078918192,5.471070425694441,0.2511369901041637,66.58758396148681,62.623853615095314,0.8018199981424706,7.913523463988422
5,6,204,"[0.076634, 0.358, 1, 32, 'relu', 'mse', ['GRU'], 'Nadam']",48.216832943725166,0.8051771003327073,4.755449523272052,0.2186985379020307,50.95915313720703,48.216832943725166,0.7771309173687073,6.943834167354889,0.8282181824144356,5.592782472108307,0.2588096097299878,67.23131698608398,65.73217482697716,0.7919833773025795,8.107538148351642
5,7,404,"[0.01152, 0.248, 2, 32, 'relu', 'mse', [['SimpleRNN', 'SimpleRNN']], 'RMSprop']",66.94915717789627,0.7620453733694751,5.808981057204877,0.2644107982064588,54.45573371887207,66.94915717789627,0.6905458875619135,8.18224646279347,0.8009509921057264,6.507921048949316,0.3197981787320034,62.8956884765625,82.29371080408174,0.7395725938512882,9.071588108158446
5,8,304,"[0.057922, 0.481, 2, 32, 'selu', 'mae', [['LSTM', 'LSTM']], 'SGD']",101.85703168699158,0.6243911356379546,6.5258700838392,0.2603794859387455,63.10990806579589,101.85703168699158,0.5291938141577889,10.092424470214851,0.6029290129778689,8.522303194201386,0.3284093249362017,69.46218593597412,163.4640203723355,0.4827003132042985,12.785304860359629
5,9,404,"[0.003277, 0.478, 4, 32, 'relu', 'mse', ['SimpleRNN'], 'SGD']",185.9395578449848,0.1416193469271469,10.211066785498534,0.5916089660531795,61.05981796264649,185.9395578449848,0.1405454039226177,13.635965600022052,0.2152618865723198,11.489132053764656,0.6495756002360671,62.9991423034668,251.79980010042232,0.2031521222194708,15.868200909379183
6,0,103,"[0.076634, 0.358, 1, 32, 'softsign', 'mse', ['GRU'], 'Nadam']",27.91717178407504,0.8847156532205175,3.519354976392631,0.1586404791991117,48.62001613616943,27.91717178407504,0.8709605321353502,5.283670294792724,0.8762203730118487,4.561652659187727,0.1752867961259053,71.40730518341064,45.23397344324607,0.8568521669697268,6.725620673458032
6,1,105,"[0.076634, 0.358, 1, 32, 'softsign', 'mse', ['SimpleRNN'], 'Nadam']",30.279944302216,0.8777615128242349,3.743728192270244,0.1712102084229661,48.14817718505859,30.279944302216,0.860039264365667,5.502721535950734,0.8714539237519192,4.558009972281013,0.1836007675665877,74.3561307811737,44.71342706156352,0.8584994926600753,6.686809931616384
6,2,203,"[0.076634, 0.358, 1, 32, 'relu', 'mse', ['SimpleRNN'], 'Adam']",37.35730412196841,0.8300697375088496,4.269542213353423,0.2253150843391846,46.61159614562988,37.35730412196841,0.8273261101790219,6.112062182436334,0.840293996255662,5.033355966569443,0.2759885989144925,68.23356002807617,50.86327501121309,0.839037629364724,7.131849340193123
6,3,203,"[0.076634, 0.358, 1, 32, 'relu', 'mse', ['SimpleRNN'], 'Adam']",37.35730412196841,0.8300697375088496,4.269542213353423,0.2253150843391846,46.61159614562988,37.35730412196841,0.8273261101790219,6.112062182436334,0.840293996255662,5.033355966569443,0.2759885989144925,68.23356002807617,50.86327501121309,0.839037629364724,7.131849340193123
6,4,305,"[0.033939, 0.219, 2, 32, 'elu', 'mae', [['GRU', 'GRU']], 'RMSprop']",44.29846550651648,0.8687495912047726,4.698845682753079,0.1967607204104956,51.86950687408447,44.29846550651648,0.7952424958948676,6.65570924143449,0.8624899704695818,5.508905369367181,0.2029985242586941,71.77389377593994,62.68188085636164,0.8016363646207677,7.917188949138554
6,5,202,"[0.076634, 0.358, 1, 32, 'relu', 'mae', ['GRU'], 'Nadam']",45.58759242938658,0.8227879519738539,4.607108010317018,0.2072484384813974,52.10263916015624,45.58759242938658,0.7892838603488399,6.751858442635374,0.8410138078918192,5.471070425694441,0.2511369901041637,66.58758396148681,62.623853615095314,0.8018199981424706,7.913523463988422
6,6,205,"[0.076634, 0.358, 1, 32, 'relu', 'mse', ['GRU'], 'Adam']",48.32289111126155,0.80311893848542,4.7706763497204,0.2219572501818706,50.86571212768554,48.32289111126155,0.7766406925849274,6.951466831630684,0.8278811780781912,5.571513945388944,0.2606649963073299,67.06170219421386,65.15908568553759,0.7937969802758664,8.07211779432991
6,7,405,"[0.003873, 0.157, 2, 16, 'selu', 'mae', [['GRU', 'GRU']], 'Adam']",48.819912974134446,0.857587799265515,5.00972056102549,0.2132229429248883,49.46699234008789,48.819912974134446,0.7743433453751789,6.9871248002404,0.8551608647615786,6.20246813462365,0.2488555773787968,71.14618534088135,72.66243717357429,0.7700518076939229,8.52422648535187
6,8,205,"[0.076634, 0.358, 1, 32, 'relu', 'mse', ['GRU'], 'RMSprop']",50.38863061398575,0.7961322335429153,4.801635145597204,0.2191669356259348,51.43769927978515,50.38863061398575,0.7670923784419248,7.098494954142445,0.8236016143432021,5.491673460044546,0.263387985682301,66.21038478851318,63.98969909736188,0.7974976314309554,7.999356167677614
6,9,405,"[0.087791, 0.215, 4, 8, 'softmax', 'mae', ['LSTM'], 'Adagrad']",500,-1.6355101850606957e-07,24.25635569985572,1.0545269943460052,87.60305445671082,804.7168200100124,-2.7195827370686376,28.36753108767156,-1.1461976812121577e-07,28.364067102389733,1.0527887317616975,87.61305380105972,1120.5151567924056,-2.545992190441964,33.47409680323587
7,0,206,"[0.076634, 0.358, 1, 32, 'softsign', 'mse', ['GRU'], 'Nadam']",27.91717178407504,0.8847156532205175,3.519354976392631,0.1586404791991117,48.62001613616943,27.91717178407504,0.8709605321353502,5.283670294792724,0.8762203730118487,4.561652659187727,0.1752867961259053,71.40730518341064,45.23397344324607,0.8568521669697268,6.725620673458032
7,1,103,"[0.076634, 0.358, 1, 32, 'softsign', 'mse', ['GRU'], 'Nadam']",27.91717178407504,0.8847156532205175,3.519354976392631,0.1586404791991117,48.62001613616943,27.91717178407504,0.8709605321353502,5.283670294792724,0.8762203730118487,4.561652659187727,0.1752867961259053,71.40730518341064,45.23397344324607,0.8568521669697268,6.725620673458032
7,2,106,"[0.076634, 0.358, 1, 32, 'softsign', 'mse', ['SimpleRNN'], 'Nadam']",30.279944302216,0.8777615128242349,3.743728192270244,0.1712102084229661,48.14817718505859,30.279944302216,0.860039264365667,5.502721535950734,0.8714539237519192,4.558009972281013,0.1836007675665877,74.3561307811737,44.71342706156352,0.8584994926600753,6.686809931616384
7,3,203,"[0.076634, 0.358, 1, 32, 'relu', 'mse', ['SimpleRNN'], 'Adam']",37.35730412196841,0.8300697375088496,4.269542213353423,0.2253150843391846,46.61159614562988,37.35730412196841,0.8273261101790219,6.112062182436334,0.840293996255662,5.033355966569443,0.2759885989144925,68.23356002807617,50.86327501121309,0.839037629364724,7.131849340193123
7,4,203,"[0.076634, 0.358, 1, 32, 'relu', 'mse', ['SimpleRNN'], 'Adam']",37.35730412196841,0.8300697375088496,4.269542213353423,0.2253150843391846,46.61159614562988,37.35730412196841,0.8273261101790219,6.112062182436334,0.840293996255662,5.033355966569443,0.2759885989144925,68.23356002807617,50.86327501121309,0.839037629364724,7.131849340193123
7,5,305,"[0.033939, 0.219, 2, 32, 'elu', 'mae', [['GRU', 'GRU']], 'RMSprop']",44.29846550651648,0.8687495912047726,4.698845682753079,0.1967607204104956,51.86950687408447,44.29846550651648,0.7952424958948676,6.65570924143449,0.8624899704695818,5.508905369367181,0.2029985242586941,71.77389377593994,62.68188085636164,0.8016363646207677,7.917188949138554
7,6,202,"[0.076634, 0.358, 1, 32, 'relu', 'mae', ['GRU'], 'Nadam']",45.58759242938658,0.8227879519738539,4.607108010317018,0.2072484384813974,52.10263916015624,45.58759242938658,0.7892838603488399,6.751858442635374,0.8410138078918192,5.471070425694441,0.2511369901041637,66.58758396148681,62.623853615095314,0.8018199981424706,7.913523463988422
7,7,406,"[0.047742, 0.465, 1, 32, 'softsign', 'mape', ['SimpleRNN'], 'Ftrl']",256.6611325949956,0.5528680854288841,12.97174953420161,0.6020971843645768,69.32810859680175,256.6611325949956,-0.1863456738296487,16.020647071669597,0.5301046437103825,13.93435838832621,0.538345080756767,84.93393939971924,320.7437774132885,-0.0150285990741763,17.90932096460635
7,8,406,"[0.051038, 0.306, 2, 8, 'elu', 'mse', [['SimpleRNN', 'SimpleRNN']], 'Adadelta']",500,-6.036137913935519,57.43846929973431,2.85441895720707,253.22426696777345,4751.031646877029,-20.96034040492741,68.92772770719364,-4.637166746686152,65.98602525372057,2.9947365125369187,257.67576293945314,6027.781767801501,-18.075571575041675,77.63879035508926
7,9,406,"[0.029012, 0.165, 4, 16, 'softsign', 'mape', ['LSTM'], 'Nadam']",500,0.0719986349206296,32.27696470095888,1.5422243307946988,94.71264568328856,1242.571826944108,-4.743447386885286,35.25013229683129,0.0684950073430009,35.89072683838652,1.505455199377551,95.00725734710691,1582.49502359378,-4.0079777690293605,39.780586013704976
8,0,206,"[0.076634, 0.358, 1, 32, 'softsign', 'mse', ['GRU'], 'Nadam']",27.91717178407504,0.8847156532205175,3.519354976392631,0.1586404791991117,48.62001613616943,27.91717178407504,0.8709605321353502,5.283670294792724,0.8762203730118487,4.561652659187727,0.1752867961259053,71.40730518341064,45.23397344324607,0.8568521669697268,6.725620673458032
8,1,206,"[0.076634, 0.358, 1, 32, 'softsign', 'mse', ['GRU'], 'Nadam']",27.91717178407504,0.8847156532205175,3.519354976392631,0.1586404791991117,48.62001613616943,27.91717178407504,0.8709605321353502,5.283670294792724,0.8762203730118487,4.561652659187727,0.1752867961259053,71.40730518341064,45.23397344324607,0.8568521669697268,6.725620673458032
8,2,106,"[0.076634, 0.358, 1, 32, 'softsign', 'mse', ['SimpleRNN'], 'Nadam']",30.279944302216,0.8777615128242349,3.743728192270244,0.1712102084229661,48.14817718505859,30.279944302216,0.860039264365667,5.502721535950734,0.8714539237519192,4.558009972281013,0.1836007675665877,74.3561307811737,44.71342706156352,0.8584994926600753,6.686809931616384
8,3,203,"[0.076634, 0.358, 1, 32, 'relu', 'mse', ['SimpleRNN'], 'Adam']",37.35730412196841,0.8300697375088496,4.269542213353423,0.2253150843391846,46.61159614562988,37.35730412196841,0.8273261101790219,6.112062182436334,0.840293996255662,5.033355966569443,0.2759885989144925,68.23356002807617,50.86327501121309,0.839037629364724,7.131849340193123
8,4,203,"[0.076634, 0.358, 1, 32, 'relu', 'mse', ['SimpleRNN'], 'Adam']",37.35730412196841,0.8300697375088496,4.269542213353423,0.2253150843391846,46.61159614562988,37.35730412196841,0.8273261101790219,6.112062182436334,0.840293996255662,5.033355966569443,0.2759885989144925,68.23356002807617,50.86327501121309,0.839037629364724,7.131849340193123
8,5,305,"[0.033939, 0.219, 2, 32, 'elu', 'mae', [['GRU', 'GRU']], 'RMSprop']",44.29846550651648,0.8687495912047726,4.698845682753079,0.1967607204104956,51.86950687408447,44.29846550651648,0.7952424958948676,6.65570924143449,0.8624899704695818,5.508905369367181,0.2029985242586941,71.77389377593994,62.68188085636164,0.8016363646207677,7.917188949138554
8,6,307,"[0.033658, 0.343, 2, 32, 'softsign', 'mse', [['GRU', 'LSTM']], 'Adamax']",57.47597251241461,0.7492270846472069,5.45607353981737,0.3023505758051235,51.32936042785644,57.47597251241461,0.7343330848350493,7.581290952892825,0.7049088182243093,7.003948129820367,0.3741378943357649,63.38674396514892,94.74966104241348,0.7001543833952193,9.733943755868609
8,7,407,"[0.085796, 0.454, 2, 8, 'elu', 'mse', [['SimpleRNN', 'SimpleRNN']], 'RMSprop']",61.305138372060185,0.7175385844047204,5.409697131094448,0.2778170624859253,50.592498245239256,61.305138372060185,0.7166338161299002,7.82975979018898,0.6827718502513267,6.922913832428487,0.3558740936000197,61.92801803588867,102.2372721402766,0.6764590229914437,10.11124483633329
8,8,307,"[0.076634, 0.158, 1, 32, 'softplus', 'mse', ['LSTM'], 'Adamax']",99.2782300680291,0.5412797927518862,7.133801457378355,0.3969912490875075,50.832194824218746,99.2782300680291,0.5411136171812898,9.963846148352006,0.5410728796351636,8.613151297945738,0.4865365868584946,60.46526222229004,145.93231057451055,0.5381813173222103,12.080244640507516
8,9,407,"[0.00986, 0.231, 1, 32, 'softmax', 'mse', ['LSTM'], 'Ftrl']",500,9.49748922951521e-07,18.52535117925388,0.7197859171999627,81.85897701263428,559.0513294454888,-1.5840614020157289,23.64426631226879,1.126063663869914e-06,22.631859149283574,0.7722722021224079,81.86898082733154,827.659424632836,-1.6192183464033776,28.76907062511468
9,0,208,"[0.033939, 0.219, 2, 32, 'softsign', 'mse', [['GRU', 'GRU']], 'Nadam']",27.095617295577203,0.888215548394638,3.474606917081849,0.1569349069166676,49.107346572875976,27.095617295577203,0.8747579423758118,5.205345069789053,0.8819322721107092,4.380010933388298,0.1683832162614645,72.07219261169433,42.27500393456822,0.8662161480867367,6.501923095097959
9,1,206,"[0.076634, 0.358, 1, 32, 'softsign', 'mse', ['GRU'], 'Nadam']",27.91717178407504,0.8847156532205175,3.519354976392631,0.1586404791991117,48.62001613616943,27.91717178407504,0.8709605321353502,5.283670294792724,0.8762203730118487,4.561652659187727,0.1752867961259053,71.40730518341064,45.23397344324607,0.8568521669697268,6.725620673458032
9,2,208,"[0.076634, 0.358, 1, 32, 'softsign', 'mse', ['SimpleRNN'], 'Nadam']",30.279944302216,0.8777615128242349,3.743728192270244,0.1712102084229661,48.14817718505859,30.279944302216,0.860039264365667,5.502721535950734,0.8714539237519192,4.558009972281013,0.1836007675665877,74.3561307811737,44.71342706156352,0.8584994926600753,6.686809931616384
9,3,108,"[0.076634, 0.358, 1, 32, 'relu', 'mse', ['SimpleRNN'], 'Adam']",37.35730412196841,0.8300697375088496,4.269542213353423,0.2253150843391846,46.61159614562988,37.35730412196841,0.8273261101790219,6.112062182436334,0.840293996255662,5.033355966569443,0.2759885989144925,68.23356002807617,50.86327501121309,0.839037629364724,7.131849340193123
9,4,108,"[0.076634, 0.358, 1, 32, 'elu', 'mae', ['GRU'], 'RMSprop']",43.74021470226809,0.8867911696538175,4.942254759533238,0.2218122498322365,51.825210609436034,43.74021470226809,0.7978228570887732,6.613638537315756,0.8831513601167077,5.666832926657375,0.2180682141158073,73.06098908424377,59.6367980672615,0.811272860587773,7.722486521015203
9,5,307,"[0.033658, 0.343, 2, 32, 'softsign', 'mse', [['GRU', 'LSTM']], 'Adamax']",57.47597251241461,0.7492270846472069,5.45607353981737,0.3023505758051235,51.32936042785644,57.47597251241461,0.7343330848350493,7.581290952892825,0.7049088182243093,7.003948129820367,0.3741378943357649,63.38674396514892,94.74966104241348,0.7001543833952193,9.733943755868609
9,6,408,"[0.083064, 0.153, 1, 16, 'elu', 'mape', ['LSTM'], 'Adamax']",175.4752030864687,0.4502689524494214,8.987857179718382,0.3500040540014026,71.33764739990234,175.4752030864687,0.1889140130363854,13.24670536724014,0.3920476048226105,13.42381042571998,0.4719587231041816,79.14731176376343,342.0157340797058,-0.0823460215626528,18.493667404809297
9,7,308,"[0.076634, 0.358, 1, 32, 'softmax', 'mse', ['LSTM'], 'RMSprop']",197.52360521776092,0.1062726358927979,10.886369464047815,0.6568292030937816,58.68597190856934,197.52360521776092,0.0870013228723081,14.054309133421,0.1096158115435433,12.38306890235718,0.7064863756230505,61.40444068908691,283.53496329539905,0.1027227436701209,16.838496467778796
9,8,308,"[0.076634, 0.358, 4, 32, 'tanh', 'mse', ['LSTM'], 'Ftrl']",500,-2.220446049250313e-16,19.28696019830062,0.7629138432551953,82.62846296310425,588.1325908254136,-1.7184815546845935,24.251445128598288,0.0,23.395534973416733,0.8074409084490018,82.63846296310425,863.0625519641333,-1.7312553967484812,29.37792627065657
9,9,408,"[0.043913, 0.207, 4, 16, 'softsign', 'mse', ['SimpleRNN'], 'Adadelta']",500,0.3057720761901422,57.093056909572965,3.200298084120855,125.8411766052246,3409.4433611718828,-14.759216601276483,58.390438953409856,0.3061568326794331,57.582159543705664,3.0245395853132946,131.07567993164062,3534.6044325214007,-10.185640495842495,59.45253932778146
10,0,208,"[0.033939, 0.219, 2, 32, 'softsign', 'mse', [['GRU', 'GRU']], 'Nadam']",27.095617295577203,0.888215548394638,3.474606917081849,0.1569349069166676,49.107346572875976,27.095617295577203,0.8747579423758118,5.205345069789053,0.8819322721107092,4.380010933388298,0.1683832162614645,72.07219261169433,42.27500393456822,0.8662161480867367,6.501923095097959
10,1,208,"[0.033939, 0.219, 2, 32, 'softsign', 'mse', [['GRU', 'GRU']], 'Nadam']",27.095617295577203,0.888215548394638,3.474606917081849,0.1569349069166676,49.107346572875976,27.095617295577203,0.8747579423758118,5.205345069789053,0.8819322721107092,4.380010933388298,0.1683832162614645,72.07219261169433,42.27500393456822,0.8662161480867367,6.501923095097959
10,2,206,"[0.076634, 0.358, 1, 32, 'softsign', 'mse', ['GRU'], 'Nadam']",27.91717178407504,0.8847156532205175,3.519354976392631,0.1586404791991117,48.62001613616943,27.91717178407504,0.8709605321353502,5.283670294792724,0.8762203730118487,4.561652659187727,0.1752867961259053,71.40730518341064,45.23397344324607,0.8568521669697268,6.725620673458032
10,3,208,"[0.076634, 0.358, 1, 32, 'softsign', 'mse', ['SimpleRNN'], 'Nadam']",30.279944302216,0.8777615128242349,3.743728192270244,0.1712102084229661,48.14817718505859,30.279944302216,0.860039264365667,5.502721535950734,0.8714539237519192,4.558009972281013,0.1836007675665877,74.3561307811737,44.71342706156352,0.8584994926600753,6.686809931616384
10,4,108,"[0.076634, 0.358, 1, 32, 'relu', 'mse', ['SimpleRNN'], 'Adam']",37.35730412196841,0.8300697375088496,4.269542213353423,0.2253150843391846,46.61159614562988,37.35730412196841,0.8273261101790219,6.112062182436334,0.840293996255662,5.033355966569443,0.2759885989144925,68.23356002807617,50.86327501121309,0.839037629364724,7.131849340193123
10,5,108,"[0.076634, 0.358, 1, 32, 'elu', 'mae', ['GRU'], 'RMSprop']",43.74021470226809,0.8867911696538175,4.942254759533238,0.2218122498322365,51.825210609436034,43.74021470226809,0.7978228570887732,6.613638537315756,0.8831513601167077,5.666832926657375,0.2180682141158073,73.06098908424377,59.6367980672615,0.811272860587773,7.722486521015203
10,6,209,"[0.076634, 0.358, 1, 32, 'elu', 'mae', ['LSTM'], 'RMSprop']",48.56593818005108,0.8660953321904539,5.025166498386571,0.208638714603865,50.68520740509033,48.56593818005108,0.7755172741862,6.968926616061549,0.863467442137682,5.910624669825252,0.2226862255843915,72.18673843383789,67.55701403945575,0.786208474966778,8.219307394145552
10,7,109,"[0.076634, 0.358, 1, 32, 'softmax', 'mse', ['GRU'], 'RMSprop']",122.70119151280818,0.4365099593155337,7.712078504125114,0.410247413522122,52.99634521484376,122.70119151280818,0.4328474036828066,11.077056987883026,0.4205216876305813,9.524575409818418,0.5094161131809087,62.213633346557614,187.4379358669142,0.4068322478749141,13.690797488346476
10,8,308,"[0.076634, 0.358, 1, 32, 'softmax', 'mse', ['LSTM'], 'RMSprop']",197.52360521776092,0.1062726358927979,10.886369464047815,0.6568292030937816,58.68597190856934,197.52360521776092,0.0870013228723081,14.054309133421,0.1096158115435433,12.38306890235718,0.7064863756230505,61.40444068908691,283.53496329539905,0.1027227436701209,16.838496467778796
10,9,409,"[0.005517, 0.244, 1, 8, 'softmax', 'mape', ['GRU'], 'Adamax']",281.02158875369355,-0.069731393441744,10.71749225102166,0.4311083269368648,73.8290182876587,281.02158875369355,-0.2989451994539331,16.763698540408484,-0.0622876987704941,13.994045428750525,0.5298736803158908,75.1138056564331,458.13324588564814,-0.449812527965036,21.404047418319
11,0,208,"[0.033939, 0.219, 2, 32, 'softsign', 'mse', [['GRU', 'GRU']], 'Nadam']",27.095617295577203,0.888215548394638,3.474606917081849,0.1569349069166676,49.107346572875976,27.095617295577203,0.8747579423758118,5.205345069789053,0.8819322721107092,4.380010933388298,0.1683832162614645,72.07219261169433,42.27500393456822,0.8662161480867367,6.501923095097959
11,1,208,"[0.033939, 0.219, 2, 32, 'softsign', 'mse', [['GRU', 'GRU']], 'Nadam']",27.095617295577203,0.888215548394638,3.474606917081849,0.1569349069166676,49.107346572875976,27.095617295577203,0.8747579423758118,5.205345069789053,0.8819322721107092,4.380010933388298,0.1683832162614645,72.07219261169433,42.27500393456822,0.8662161480867367,6.501923095097959
11,2,208,"[0.033939, 0.219, 2, 32, 'softsign', 'mse', [['GRU', 'GRU']], 'Nadam']",27.095617295577203,0.888215548394638,3.474606917081849,0.1569349069166676,49.107346572875976,27.095617295577203,0.8747579423758118,5.205345069789053,0.8819322721107092,4.380010933388298,0.1683832162614645,72.07219261169433,42.27500393456822,0.8662161480867367,6.501923095097959
11,3,210,"[0.076634, 0.358, 1, 32, 'elu', 'mse', ['GRU'], 'Nadam']",29.439402837585504,0.8838869255443965,3.6232780182723,0.1604069459874373,49.130712547302245,29.439402837585504,0.8639244366944758,5.425808956974573,0.8765494726646547,4.664143964386174,0.177577042568319,71.61027807235718,46.77693168694809,0.8519693076445503,6.839366322032188
11,4,208,"[0.076634, 0.358, 1, 32, 'softsign', 'mse', ['SimpleRNN'], 'Nadam']",30.279944302216,0.8777615128242349,3.743728192270244,0.1712102084229661,48.14817718505859,30.279944302216,0.860039264365667,5.502721535950734,0.8714539237519192,4.558009972281013,0.1836007675665877,74.3561307811737,44.71342706156352,0.8584994926600753,6.686809931616384
11,5,108,"[0.076634, 0.358, 1, 32, 'relu', 'mse', ['SimpleRNN'], 'Adam']",37.35730412196841,0.8300697375088496,4.269542213353423,0.2253150843391846,46.61159614562988,37.35730412196841,0.8273261101790219,6.112062182436334,0.840293996255662,5.033355966569443,0.2759885989144925,68.23356002807617,50.86327501121309,0.839037629364724,7.131849340193123
11,6,110,"[0.076634, 0.358, 1, 32, 'softsign', 'mae', ['GRU'], 'RMSprop']",41.77949794883646,0.8866996070387682,4.772857823939769,0.2148769800445918,51.59161857604981,41.77949794883646,0.8068857323847747,6.463706208425354,0.8817796728157493,5.521997457250571,0.2117915259512952,72.7460393333435,57.94022884898816,0.8166418385637274,7.611847926028748
11,7,410,"[0.004773, 0.317, 1, 32, 'softmax', 'mae', ['LSTM'], 'Adam']",131.6744037251416,0.4204216688127723,7.806116871050299,0.3878619164764211,59.48520179748535,131.6744037251416,0.3913711919135116,11.474946785285828,0.4600240124056742,9.208166763176136,0.4827013503504867,64.44636543273926,178.1257836706781,0.4363015671999519,13.34637717400037
11,8,410,"[0.030543, 0.233, 2, 32, 'selu', 'mape', [['SimpleRNN', 'GRU']], 'SGD']",500,0.0,23.323305577295557,0.9994092735071778,86.67000000022352,760.3225758403876,-2.514382522368898,27.573947411286397,0.0,27.431016167271952,0.999428105648652,86.68000000022352,1068.4554659534206,-2.381243631680554,32.687237049855106
11,9,410,"[0.058918, 0.14, 1, 16, 'relu', 'mape', ['LSTM'], 'Adadelta']",500,-0.3121140492617258,35.537210898150555,1.7210475392603453,111.82584396362304,1546.7639750588737,-6.149492140448944,39.32892033934918,-0.4775351277963853,45.81613862943992,1.9868942089320012,127.78924148559572,2566.0117077738387,-7.120423379542409,50.65581612977762
12,0,111,"[0.033939, 0.219, 2, 32, 'softsign', 'mse', [['GRU', 'GRU']], 'Nadam']",27.095617295577203,0.888215548394638,3.474606917081849,0.1569349069166676,49.107346572875976,27.095617295577203,0.8747579423758118,5.205345069789053,0.8819322721107092,4.380010933388298,0.1683832162614645,72.07219261169433,42.27500393456822,0.8662161480867367,6.501923095097959
12,1,208,"[0.033939, 0.219, 2, 32, 'softsign', 'mse', [['GRU', 'GRU']], 'Nadam']",27.095617295577203,0.888215548394638,3.474606917081849,0.1569349069166676,49.107346572875976,27.095617295577203,0.8747579423758118,5.205345069789053,0.8819322721107092,4.380010933388298,0.1683832162614645,72.07219261169433,42.27500393456822,0.8662161480867367,6.501923095097959
12,2,208,"[0.033939, 0.219, 2, 32, 'softsign', 'mse', [['GRU', 'GRU']], 'Nadam']",27.095617295577203,0.888215548394638,3.474606917081849,0.1569349069166676,49.107346572875976,27.095617295577203,0.8747579423758118,5.205345069789053,0.8819322721107092,4.380010933388298,0.1683832162614645,72.07219261169433,42.27500393456822,0.8662161480867367,6.501923095097959
12,3,210,"[0.076634, 0.358, 1, 32, 'elu', 'mse', ['GRU'], 'Nadam']",29.439402837585504,0.8838869255443965,3.6232780182723,0.1604069459874373,49.130712547302245,29.439402837585504,0.8639244366944758,5.425808956974573,0.8765494726646547,4.664143964386174,0.177577042568319,71.61027807235718,46.77693168694809,0.8519693076445503,6.839366322032188
12,4,110,"[0.076634, 0.358, 1, 32, 'softsign', 'mae', ['GRU'], 'RMSprop']",41.77949794883646,0.8866996070387682,4.772857823939769,0.2148769800445918,51.59161857604981,41.77949794883646,0.8068857323847747,6.463706208425354,0.8817796728157493,5.521997457250571,0.2117915259512952,72.7460393333435,57.94022884898816,0.8166418385637274,7.611847926028748
12,5,311,"[0.010624, 0.434, 1, 32, 'relu', 'mse', ['GRU'], 'Nadam']",48.33171205551089,0.7926352311471234,4.845103229748347,0.2393978304848953,51.17986053466797,48.33171205551089,0.7765999201900444,6.952101269077637,0.8171373353320996,5.626337705334692,0.2838695865675684,65.0245079421997,64.91699729367744,0.7945630953451084,8.057108494595157
12,6,411,"[0.087064, 0.127, 1, 8, 'softplus', 'mse', ['LSTM'], 'SGD']",131.30440689251455,0.4163636615972302,7.6551448270029105,0.3781923053967181,55.94028617858886,131.30440689251455,0.3930814007685876,11.458813502824563,0.3810332539214277,9.80433490585709,0.4971770986967318,60.08285301208497,205.1573561380522,0.3507572135304609,14.323315123882884
12,7,410,"[0.004773, 0.317, 1, 32, 'softmax', 'mae', ['LSTM'], 'Adam']",131.6744037251416,0.4204216688127723,7.806116871050299,0.3878619164764211,59.48520179748535,131.6744037251416,0.3913711919135116,11.474946785285828,0.4600240124056742,9.208166763176136,0.4827013503504867,64.44636543273926,178.1257836706781,0.4363015671999519,13.34637717400037
12,8,311,"[0.076652, 0.263, 4, 8, 'elu', 'mape', ['GRU'], 'RMSprop']",161.28553246315954,0.6485708973502247,9.494333576015638,0.3763937891164011,65.64869972229003,161.28553246315954,0.2545018727439705,12.699824111504832,0.6494210737023647,10.060775709978174,0.3568349687814359,70.38203758239746,196.97544522503628,0.3766497612792118,14.034794092719576
12,9,411,"[0.08418, 0.424, 4, 16, 'softplus', 'mse', ['SimpleRNN'], 'Adadelta']",500,-0.0135384544652399,190.08715671104943,10.859102766596072,256.3403332519531,36352.40212965166,-167.02900604307874,190.66305916367665,-0.0595449189102106,195.53933138469432,10.613016276067109,262.3032257080078,38570.44082217052,-121.0603586736307,196.39358650977
13,0,111,"[0.033939, 0.219, 2, 32, 'softsign', 'mse', [['GRU', 'GRU']], 'Nadam']",27.095617295577203,0.888215548394638,3.474606917081849,0.1569349069166676,49.107346572875976,27.095617295577203,0.8747579423758118,5.205345069789053,0.8819322721107092,4.380010933388298,0.1683832162614645,72.07219261169433,42.27500393456822,0.8662161480867367,6.501923095097959
13,1,111,"[0.033939, 0.219, 2, 32, 'softsign', 'mse', [['GRU', 'GRU']], 'Nadam']",27.095617295577203,0.888215548394638,3.474606917081849,0.1569349069166676,49.107346572875976,27.095617295577203,0.8747579423758118,5.205345069789053,0.8819322721107092,4.380010933388298,0.1683832162614645,72.07219261169433,42.27500393456822,0.8662161480867367,6.501923095097959
13,2,208,"[0.033939, 0.219, 2, 32, 'softsign', 'mse', [['GRU', 'GRU']], 'Nadam']",27.095617295577203,0.888215548394638,3.474606917081849,0.1569349069166676,49.107346572875976,27.095617295577203,0.8747579423758118,5.205345069789053,0.8819322721107092,4.380010933388298,0.1683832162614645,72.07219261169433,42.27500393456822,0.8662161480867367,6.501923095097959
13,3,212,"[0.010624, 0.434, 1, 32, 'softsign', 'mse', ['GRU'], 'Nadam']",28.41179848623458,0.8828883147437367,3.544596869799076,0.1589997792654878,48.62613872528076,28.41179848623458,0.8686742558989184,5.3302718960888456,0.8736129666727492,4.634391017915631,0.1770296030985064,71.42083543777466,46.58621180267219,0.8525728614796811,6.825409277301413
13,4,210,"[0.076634, 0.358, 1, 32, 'elu', 'mse', ['GRU'], 'Nadam']",29.439402837585504,0.8838869255443965,3.6232780182723,0.1604069459874373,49.130712547302245,29.439402837585504,0.8639244366944758,5.425808956974573,0.8765494726646547,4.664143964386174,0.177577042568319,71.61027807235718,46.77693168694809,0.8519693076445503,6.839366322032188
13,5,110,"[0.076634, 0.358, 1, 32, 'softsign', 'mae', ['GRU'], 'RMSprop']",41.77949794883646,0.8866996070387682,4.772857823939769,0.2148769800445918,51.59161857604981,41.77949794883646,0.8068857323847747,6.463706208425354,0.8817796728157493,5.521997457250571,0.2117915259512952,72.7460393333435,57.94022884898816,0.8166418385637274,7.611847926028748
13,6,112,"[0.033939, 0.219, 2, 32, 'relu', 'mse', [['GRU', 'GRU']], 'Nadam']",42.165244865964766,0.8402475979441406,4.399614987964106,0.1954281974908996,50.835330429077146,42.165244865964766,0.8051027230849193,6.493477101366014,0.8320094465505445,5.777282999497418,0.2532268968287464,66.93130630493164,69.82471769305873,0.7790320798978065,8.356118578207154
13,7,412,"[0.081201, 0.195, 2, 16, 'selu', 'mae', [['SimpleRNN', 'GRU']], 'Adamax']",98.18893888431408,0.5874194536363294,6.810021670829018,0.3154395097609078,58.06276744842529,98.18893888431408,0.546148566845368,9.909033196246446,0.578034216702016,8.549903104516783,0.3953199484148816,69.12485034942627,153.24788208988028,0.5150303949050791,12.379332861260346
13,8,412,"[0.032724, 0.362, 2, 32, 'sigmoid', 'mape', [['SimpleRNN', 'LSTM']], 'RMSprop']",277.09552072691605,0.0205885144377655,10.57986130592102,0.4015902241212523,70.98769538879395,277.09552072691605,-0.2807980270650463,16.646186371866563,0.0208518636544402,14.044182748752563,0.5026406983482669,71.19276123046875,455.2547959255529,-0.4407033597246936,21.336700680413383
13,9,412,"[0.010953, 0.296, 1, 32, 'selu', 'mape', ['GRU'], 'Adadelta']",500,0.227799586629841,56.76566502135769,3.215409663573001,124.82329696655272,3389.403190379236,-14.666586409543555,58.2185811436455,0.0648901282491699,52.87088812930679,2.8262919468667054,136.0055790710449,3085.162189454716,-8.763331592381187,55.54423632974636
14,0,213,"[0.033939, 0.219, 1, 32, 'softsign', 'mse', ['GRU'], 'Nadam']",26.058230161110693,0.8875253081092461,3.379545992170263,0.1543403608203981,48.15432933807373,26.058230161110693,0.879552979811429,5.104726257216021,0.8799010074663061,4.38095353777594,0.1698656948153864,71.21050638198852,42.24419255138066,0.866313654062892,6.4995532578309305
14,1,111,"[0.033939, 0.219, 2, 32, 'softsign', 'mse', [['GRU', 'GRU']], 'Nadam']",27.095617295577203,0.888215548394638,3.474606917081849,0.1569349069166676,49.107346572875976,27.095617295577203,0.8747579423758118,5.205345069789053,0.8819322721107092,4.380010933388298,0.1683832162614645,72.07219261169433,42.27500393456822,0.8662161480867367,6.501923095097959
14,2,111,"[0.033939, 0.219, 2, 32, 'softsign', 'mse', [['GRU', 'GRU']], 'Nadam']",27.095617295577203,0.888215548394638,3.474606917081849,0.1569349069166676,49.107346572875976,27.095617295577203,0.8747579423758118,5.205345069789053,0.8819322721107092,4.380010933388298,0.1683832162614645,72.07219261169433,42.27500393456822,0.8662161480867367,6.501923095097959
14,3,210,"[0.076634, 0.358, 1, 32, 'elu', 'mse', ['GRU'], 'Nadam']",29.439402837585504,0.8838869255443965,3.6232780182723,0.1604069459874373,49.130712547302245,29.439402837585504,0.8639244366944758,5.425808956974573,0.8765494726646547,4.664143964386174,0.177577042568319,71.61027807235718,46.77693168694809,0.8519693076445503,6.839366322032188
14,4,210,"[0.076634, 0.358, 1, 32, 'elu', 'mse', ['GRU'], 'Nadam']",29.439402837585504,0.8838869255443965,3.6232780182723,0.1604069459874373,49.130712547302245,29.439402837585504,0.8639244366944758,5.425808956974573,0.8765494726646547,4.664143964386174,0.177577042568319,71.61027807235718,46.77693168694809,0.8519693076445503,6.839366322032188
14,5,113,"[0.010624, 0.434, 2, 32, 'softsign', 'mse', [['GRU', 'GRU']], 'Nadam']",30.265619463831417,0.874371990418071,3.610138861212077,0.159967051534774,48.788658180236816,30.265619463831417,0.8601054770012696,5.501419768008202,0.8626329388061562,4.790498262140496,0.1803369125308166,72.07363742828369,50.942200840045714,0.8387878599876941,7.1373805307021225
14,6,110,"[0.076634, 0.358, 1, 32, 'softsign', 'mae', ['GRU'], 'RMSprop']",41.77949794883646,0.8866996070387682,4.772857823939769,0.2148769800445918,51.59161857604981,41.77949794883646,0.8068857323847747,6.463706208425354,0.8817796728157493,5.521997457250571,0.2117915259512952,72.7460393333435,57.94022884898816,0.8166418385637274,7.611847926028748
14,7,413,"[0.020247, 0.335, 4, 16, 'elu', 'mae', ['SimpleRNN'], 'Adam']",96.58354113462538,0.7130960496993524,6.7627536648853095,0.2615184865633662,56.18272060394287,96.58354113462538,0.5535690775236419,9.827692564108087,0.6950669622361318,8.225388099298021,0.3081541225613788,66.31676239013672,143.2948301239679,0.546527911318172,11.970581862381122
14,8,412,"[0.081201, 0.195, 2, 16, 'selu', 'mae', [['SimpleRNN', 'GRU']], 'Adamax']",98.18893888431408,0.5874194536363294,6.810021670829018,0.3154395097609078,58.06276744842529,98.18893888431408,0.546148566845368,9.909033196246446,0.578034216702016,8.549903104516783,0.3953199484148816,69.12485034942627,153.24788208988028,0.5150303949050791,12.379332861260346
14,9,413,"[0.060842, 0.318, 1, 8, 'softmax', 'mse', ['SimpleRNN'], 'Adamax']",243.381071269965,-0.0793932659672738,12.38135656272842,0.7558759890499999,62.88054435729981,243.381071269965,-0.124962233564063,15.60067534659846,-0.0698714665742916,13.750469036937831,0.7899209855420689,64.45869911193847,339.2324811411926,-0.0735381146600413,18.41826487867933
15,0,213,"[0.033939, 0.219, 1, 32, 'softsign', 'mse', ['GRU'], 'Nadam']",26.058230161110693,0.8875253081092461,3.379545992170263,0.1543403608203981,48.15432933807373,26.058230161110693,0.879552979811429,5.104726257216021,0.8799010074663061,4.38095353777594,0.1698656948153864,71.21050638198852,42.24419255138066,0.866313654062892,6.4995532578309305
15,1,111,"[0.033939, 0.219, 2, 32, 'softsign', 'mse', [['GRU', 'GRU']], 'Nadam']",27.095617295577203,0.888215548394638,3.474606917081849,0.1569349069166676,49.107346572875976,27.095617295577203,0.8747579423758118,5.205345069789053,0.8819322721107092,4.380010933388298,0.1683832162614645,72.07219261169433,42.27500393456822,0.8662161480867367,6.501923095097959
15,2,111,"[0.033939, 0.219, 2, 32, 'softsign', 'mse', [['GRU', 'GRU']], 'Nadam']",27.095617295577203,0.888215548394638,3.474606917081849,0.1569349069166676,49.107346572875976,27.095617295577203,0.8747579423758118,5.205345069789053,0.8819322721107092,4.380010933388298,0.1683832162614645,72.07219261169433,42.27500393456822,0.8662161480867367,6.501923095097959
15,3,114,"[0.076634, 0.358, 1, 32, 'softsign', 'mse', ['GRU'], 'Nadam']",27.91717178407504,0.8847156532205175,3.519354976392631,0.1586404791991117,48.62001613616943,27.91717178407504,0.8709605321353502,5.283670294792724,0.8762203730118487,4.561652659187727,0.1752867961259053,71.40730518341064,45.23397344324607,0.8568521669697268,6.725620673458032
15,4,210,"[0.076634, 0.358, 1, 32, 'elu', 'mse', ['GRU'], 'Nadam']",29.439402837585504,0.8838869255443965,3.6232780182723,0.1604069459874373,49.130712547302245,29.439402837585504,0.8639244366944758,5.425808956974573,0.8765494726646547,4.664143964386174,0.177577042568319,71.61027807235718,46.77693168694809,0.8519693076445503,6.839366322032188
15,5,214,"[0.033939, 0.219, 2, 32, 'elu', 'mse', [['GRU', 'GRU']], 'Nadam']",29.719064829008595,0.885042634357698,3.654085741197978,0.1604263064310974,49.56197170257568,29.719064829008595,0.8626317758606951,5.451519497260245,0.8782545386138242,4.620436103555299,0.1765021189988297,72.34963792800903,46.20252312767425,0.8537870860592026,6.797243789042309
15,6,113,"[0.010624, 0.434, 2, 32, 'softsign', 'mse', [['GRU', 'GRU']], 'Nadam']",30.265619463831417,0.874371990418071,3.610138861212077,0.159967051534774,48.788658180236816,30.265619463831417,0.8601054770012696,5.501419768008202,0.8626329388061562,4.790498262140496,0.1803369125308166,72.07363742828369,50.942200840045714,0.8387878599876941,7.1373805307021225
15,7,314,"[0.084513, 0.206, 4, 16, 'relu', 'mse', ['GRU'], 'SGD']",160.09860936219673,0.2609711928679761,9.045507406879842,0.4978913214859526,61.88151641845703,160.09860936219673,0.2599880991615001,12.653007917574252,0.2648894582440437,10.822842522129084,0.572515121310572,63.15308769226074,240.37112711858524,0.2393194019702592,15.503906834039777
15,8,414,"[0.008746, 0.429, 1, 32, 'elu', 'mape', ['LSTM'], 'Ftrl']",308.34770038133536,0.3065832115141731,13.380987537180305,0.5479895452704189,72.77233249664306,308.34770038133536,-0.4252526538950154,17.55983201461037,0.370142956294717,14.066201452755363,0.516550008095134,81.7647367477417,363.1317665859534,-0.1491700050727169,19.05601654559403
15,9,314,"[0.033939, 0.219, 1, 8, 'softsign', 'mape', ['GRU'], 'Adam']",360.2502934855323,0.3107439311068809,14.789415304964432,0.5985562753018672,73.74840610504151,360.2502934855323,-0.665158151728485,18.98026062743956,0.2969955880909364,16.97768361281275,0.6212970963417943,81.13079889774322,489.3205167488372,-0.5485080415881107,22.120590334546616
16,0,213,"[0.033939, 0.219, 1, 32, 'softsign', 'mse', ['GRU'], 'Nadam']",26.058230161110693,0.8875253081092461,3.379545992170263,0.1543403608203981,48.15432933807373,26.058230161110693,0.879552979811429,5.104726257216021,0.8799010074663061,4.38095353777594,0.1698656948153864,71.21050638198852,42.24419255138066,0.866313654062892,6.4995532578309305
16,1,213,"[0.033939, 0.219, 1, 32, 'softsign', 'mse', ['GRU'], 'Nadam']",26.058230161110693,0.8875253081092461,3.379545992170263,0.1543403608203981,48.15432933807373,26.058230161110693,0.879552979811429,5.104726257216021,0.8799010074663061,4.38095353777594,0.1698656948153864,71.21050638198852,42.24419255138066,0.866313654062892,6.4995532578309305
16,2,111,"[0.033939, 0.219, 2, 32, 'softsign', 'mse', [['GRU', 'GRU']], 'Nadam']",27.095617295577203,0.888215548394638,3.474606917081849,0.1569349069166676,49.107346572875976,27.095617295577203,0.8747579423758118,5.205345069789053,0.8819322721107092,4.380010933388298,0.1683832162614645,72.07219261169433,42.27500393456822,0.8662161480867367,6.501923095097959
16,3,114,"[0.076634, 0.358, 1, 32, 'softsign', 'mse', ['GRU'], 'Nadam']",27.91717178407504,0.8847156532205175,3.519354976392631,0.1586404791991117,48.62001613616943,27.91717178407504,0.8709605321353502,5.283670294792724,0.8762203730118487,4.561652659187727,0.1752867961259053,71.40730518341064,45.23397344324607,0.8568521669697268,6.725620673458032
16,4,210,"[0.076634, 0.358, 1, 32, 'elu', 'mse', ['GRU'], 'Nadam']",29.439402837585504,0.8838869255443965,3.6232780182723,0.1604069459874373,49.130712547302245,29.439402837585504,0.8639244366944758,5.425808956974573,0.8765494726646547,4.664143964386174,0.177577042568319,71.61027807235718,46.77693168694809,0.8519693076445503,6.839366322032188
16,5,214,"[0.033939, 0.219, 2, 32, 'elu', 'mse', [['GRU', 'GRU']], 'Nadam']",29.719064829008595,0.885042634357698,3.654085741197978,0.1604263064310974,49.56197170257568,29.719064829008595,0.8626317758606951,5.451519497260245,0.8782545386138242,4.620436103555299,0.1765021189988297,72.34963792800903,46.20252312767425,0.8537870860592026,6.797243789042309
16,6,113,"[0.010624, 0.434, 2, 32, 'softsign', 'mse', [['GRU', 'GRU']], 'Nadam']",30.265619463831417,0.874371990418071,3.610138861212077,0.159967051534774,48.788658180236816,30.265619463831417,0.8601054770012696,5.501419768008202,0.8626329388061562,4.790498262140496,0.1803369125308166,72.07363742828369,50.942200840045714,0.8387878599876941,7.1373805307021225
16,7,415,"[0.005454, 0.179, 2, 32, 'softmax', 'mape', [['GRU', 'LSTM']], 'Adamax']",334.28688287311684,0.0006005442437395,11.95832254050571,0.4185004291057164,74.19821613311768,334.28688287311684,-0.5451494088912674,18.28351396403648,0.0006863490592581,15.836002098024986,0.5246312699150164,74.21012157440185,539.8722318468186,-0.7084844469622504,23.23515078166739
16,8,415,"[0.033313, 0.356, 4, 8, 'sigmoid', 'mape', ['LSTM'], 'Adadelta']",500,-1.2771571885838997e-05,66.61484252504191,3.5567604239607955,129.96404998779298,4653.886000503012,-20.51131130518812,68.21939607254679,2.984735899158597e-05,70.72215050142053,3.4752347072129046,129.97198623657226,5317.60795791909,-15.828149245737125,72.92193056906194
16,9,415,"[0.057649, 0.386, 4, 16, 'selu', 'mse', ['LSTM'], 'Adadelta']",500,-0.8846360884897697,23.05996936176736,1.18604839193567,104.63610282897947,702.2004960330764,-2.245729153484288,26.4990659464268,-1.3847488322262906,22.4753979026928,1.132727228035065,108.79798934936524,756.4520330032182,-1.393874804114152,27.503673082030662
17,0,216,"[0.033313, 0.219, 1, 32, 'softsign', 'mse', ['GRU'], 'Nadam']",26.058230161110693,0.8875253081092461,3.379545992170263,0.1543403608203981,48.15432933807373,26.058230161110693,0.879552979811429,5.104726257216021,0.8799010074663061,4.38095353777594,0.1698656948153864,71.21050638198852,42.24419255138066,0.866313654062892,6.4995532578309305
17,1,213,"[0.033939, 0.219, 1, 32, 'softsign', 'mse', ['GRU'], 'Nadam']",26.058230161110693,0.8875253081092461,3.379545992170263,0.1543403608203981,48.15432933807373,26.058230161110693,0.879552979811429,5.104726257216021,0.8799010074663061,4.38095353777594,0.1698656948153864,71.21050638198852,42.24419255138066,0.866313654062892,6.4995532578309305
17,2,213,"[0.033939, 0.219, 1, 32, 'softsign', 'mse', ['GRU'], 'Nadam']",26.058230161110693,0.8875253081092461,3.379545992170263,0.1543403608203981,48.15432933807373,26.058230161110693,0.879552979811429,5.104726257216021,0.8799010074663061,4.38095353777594,0.1698656948153864,71.21050638198852,42.24419255138066,0.866313654062892,6.4995532578309305
17,3,111,"[0.033939, 0.219, 2, 32, 'softsign', 'mse', [['GRU', 'GRU']], 'Nadam']",27.095617295577203,0.888215548394638,3.474606917081849,0.1569349069166676,49.107346572875976,27.095617295577203,0.8747579423758118,5.205345069789053,0.8819322721107092,4.380010933388298,0.1683832162614645,72.07219261169433,42.27500393456822,0.8662161480867367,6.501923095097959
17,4,114,"[0.076634, 0.358, 1, 32, 'softsign', 'mse', ['GRU'], 'Nadam']",27.91717178407504,0.8847156532205175,3.519354976392631,0.1586404791991117,48.62001613616943,27.91717178407504,0.8709605321353502,5.283670294792724,0.8762203730118487,4.561652659187727,0.1752867961259053,71.40730518341064,45.23397344324607,0.8568521669697268,6.725620673458032
17,5,114,"[0.076634, 0.358, 1, 32, 'softsign', 'mse', ['GRU'], 'Nadam']",27.91717178407504,0.8847156532205175,3.519354976392631,0.1586404791991117,48.62001613616943,27.91717178407504,0.8709605321353502,5.283670294792724,0.8762203730118487,4.561652659187727,0.1752867961259053,71.40730518341064,45.23397344324607,0.8568521669697268,6.725620673458032
17,6,210,"[0.076634, 0.358, 1, 32, 'elu', 'mse', ['GRU'], 'Nadam']",29.439402837585504,0.8838869255443965,3.6232780182723,0.1604069459874373,49.130712547302245,29.439402837585504,0.8639244366944758,5.425808956974573,0.8765494726646547,4.664143964386174,0.177577042568319,71.61027807235718,46.77693168694809,0.8519693076445503,6.839366322032188
17,7,316,"[0.027508, 0.299, 2, 16, 'selu', 'mae', [['LSTM', 'SimpleRNN']], 'RMSprop']",82.04776651913618,0.7712780825451296,6.589447843542294,0.2711570415150832,57.757523956298826,82.04776651913618,0.6207567079860219,9.058022218957966,0.7528435923953338,7.389339839658058,0.299776131410233,68.21060890197754,106.81167359288312,0.6619828316355651,10.334973323278737
17,8,416,"[0.078622, 0.172, 1, 16, 'relu', 'mape', ['GRU'], 'Nadam']",113.12614325153858,0.638563639314235,7.785826986277193,0.3480593215079105,56.42504257202148,113.12614325153858,0.4771054374825404,10.636077437266923,0.6601006083069731,8.538871551898739,0.3670010427281067,74.93353538513183,140.34933704514592,0.5558492448058892,11.84691255328349
17,9,416,"[0.054935, 0.216, 1, 16, 'softmax', 'mae', ['LSTM'], 'Adagrad']",463.3114896883696,-0.0140543558754093,15.74527965093252,0.5700551768164083,79.34917276382447,463.3114896883696,-1.1415302576985678,21.524671651116297,-0.0159065612519593,19.929820459592477,0.6542672372242203,79.80127729415894,714.1635301535287,-1.2600482334145258,26.723838237677025
18,0,216,"[0.033313, 0.219, 1, 32, 'softsign', 'mse', ['GRU'], 'Nadam']",26.058230161110693,0.8875253081092461,3.379545992170263,0.1543403608203981,48.15432933807373,26.058230161110693,0.879552979811429,5.104726257216021,0.8799010074663061,4.38095353777594,0.1698656948153864,71.21050638198852,42.24419255138066,0.866313654062892,6.4995532578309305
18,1,213,"[0.033939, 0.219, 1, 32, 'softsign', 'mse', ['GRU'], 'Nadam']",26.058230161110693,0.8875253081092461,3.379545992170263,0.1543403608203981,48.15432933807373,26.058230161110693,0.879552979811429,5.104726257216021,0.8799010074663061,4.38095353777594,0.1698656948153864,71.21050638198852,42.24419255138066,0.866313654062892,6.4995532578309305
18,2,111,"[0.033939, 0.219, 2, 32, 'softsign', 'mse', [['GRU', 'GRU']], 'Nadam']",27.095617295577203,0.888215548394638,3.474606917081849,0.1569349069166676,49.107346572875976,27.095617295577203,0.8747579423758118,5.205345069789053,0.8819322721107092,4.380010933388298,0.1683832162614645,72.07219261169433,42.27500393456822,0.8662161480867367,6.501923095097959
18,3,114,"[0.076634, 0.358, 1, 32, 'softsign', 'mse', ['GRU'], 'Nadam']",27.91717178407504,0.8847156532205175,3.519354976392631,0.1586404791991117,48.62001613616943,27.91717178407504,0.8709605321353502,5.283670294792724,0.8762203730118487,4.561652659187727,0.1752867961259053,71.40730518341064,45.23397344324607,0.8568521669697268,6.725620673458032
18,4,217,"[0.027508, 0.299, 2, 32, 'softsign', 'mse', [['LSTM', 'SimpleRNN']], 'Nadam']",35.087065197445,0.8453933577905062,3.8600687239595617,0.17406329466054,50.16676216125488,35.087065197445,0.8378196667975768,5.923433564871392,0.8280718772602329,5.184209089186164,0.2076723498011977,70.8664817237854,59.87179297357739,0.8105291936257167,7.73768653885497
18,5,117,"[0.033939, 0.219, 1, 16, 'selu', 'mae', ['GRU'], 'RMSprop']",41.30350556222599,0.8877540846610021,4.75503278635084,0.2139013117196591,50.76383785247803,41.30350556222599,0.8090858766096591,6.42678034183727,0.8841943015816537,5.410938255348447,0.2142627262269281,73.2151829624176,55.06020852156947,0.8257559764024116,7.420256634481685
18,6,317,"[0.076634, 0.358, 1, 16, 'tanh', 'mse', ['LSTM'], 'Nadam']",47.58526084071397,0.7812956383197956,4.917072472799926,0.2590123511498253,50.94295974731445,47.58526084071397,0.7800501861514144,6.898207074357363,0.7544429729122506,6.334193903266578,0.319928857173338,64.82760375976562,77.60846475641478,0.75439956499453,8.809566661102847
18,7,317,"[0.040426, 0.383, 1, 32, 'elu', 'mse', ['SimpleRNN'], 'Adamax']",81.31697797769553,0.6880914997702297,6.56160154384964,0.315972549187962,56.89672737121582,81.31697797769553,0.62413457753665,9.01759269304705,0.6750052256817451,7.47858267975501,0.3460838738102882,80.7625269317627,108.0021650230873,0.6582153919104511,10.39240900961309
18,8,417,"[0.000566, 0.371, 1, 16, 'softmax', 'mse', ['SimpleRNN'], 'Adamax']",180.03495699951247,0.1861633624090379,10.380580937482344,0.626135502188146,56.68712394714356,180.03495699951247,0.1678378014815831,13.417710572206888,0.1869637466119871,11.782466430164952,0.6719634627178689,61.91759185791015,258.7597143628979,0.1811267158951757,16.086009895648388
18,9,417,"[0.053334, 0.326, 2, 8, 'softplus', 'mse', [['SimpleRNN', 'LSTM']], 'Ftrl']",387.396480603509,0.0134982471690034,13.603703607473385,0.47488902799931,76.2558981704712,387.396480603509,-0.7906339544835523,19.682390114097142,0.0166881027046622,17.5710442187406,0.5708463777938318,76.79294281005859,608.0253808681912,-0.924162506039668,24.658170671568303
19,0,216,"[0.033313, 0.219, 1, 32, 'softsign', 'mse', ['GRU'], 'Nadam']",26.058230161110693,0.8875253081092461,3.379545992170263,0.1543403608203981,48.15432933807373,26.058230161110693,0.879552979811429,5.104726257216021,0.8799010074663061,4.38095353777594,0.1698656948153864,71.21050638198852,42.24419255138066,0.866313654062892,6.4995532578309305
19,1,216,"[0.033313, 0.219, 1, 32, 'softsign', 'mse', ['GRU'], 'Nadam']",26.058230161110693,0.8875253081092461,3.379545992170263,0.1543403608203981,48.15432933807373,26.058230161110693,0.879552979811429,5.104726257216021,0.8799010074663061,4.38095353777594,0.1698656948153864,71.21050638198852,42.24419255138066,0.866313654062892,6.4995532578309305
19,2,118,"[0.040426, 0.383, 1, 32, 'softsign', 'mse', ['GRU'], 'Nadam']",27.978764425489203,0.8841229741611012,3.5198549280932854,0.158526848668045,48.56774238586426,27.978764425489203,0.8706758370475407,5.289495668349602,0.8754091904657609,4.57587761104984,0.1755595486427905,71.3930324935913,45.50570644909941,0.855992238292457,6.74579175850392
19,3,218,"[0.027508, 0.299, 2, 32, 'softsign', 'mse', [['GRU', 'GRU']], 'Nadam']",29.646695897725653,0.8826471059401331,3.662763696158692,0.164061889532937,49.44081214904785,29.646695897725653,0.8629662813920903,5.444877950673059,0.8743218175674868,4.663035623498772,0.1775486879901466,72.28341621398926,47.15600135788113,0.8507697004062065,6.867022743364196
19,4,118,"[0.033939, 0.219, 2, 32, 'softsign', 'mse', [['LSTM', 'SimpleRNN']], 'Nadam']",32.318813160949404,0.8563818244902085,3.7372214155776673,0.170691267396454,48.38089447021484,32.318813160949404,0.8506151524029056,5.684963778332224,0.8409135881640304,4.9450174954412365,0.2016303915883434,70.59860033035278,54.11161711901457,0.8287578971573338,7.356059890934451
19,5,318,"[0.033939, 0.12, 1, 32, 'softsign', 'mse', ['LSTM'], 'RMSprop']",40.26949018776932,0.8732856575970298,4.573404598777682,0.2026881344597644,50.706284561157226,40.26949018776932,0.8138653290096285,6.345824626301086,0.8666363742447915,5.16620081984309,0.2044874326398819,72.72843450546264,52.975029105003344,0.8323547536541,7.278394679117322
19,6,317,"[0.076634, 0.358, 1, 16, 'tanh', 'mse', ['LSTM'], 'Nadam']",47.58526084071397,0.7812956383197956,4.917072472799926,0.2590123511498253,50.94295974731445,47.58526084071397,0.7800501861514144,6.898207074357363,0.7544429729122506,6.334193903266578,0.319928857173338,64.82760375976562,77.60846475641478,0.75439956499453,8.809566661102847
19,7,218,"[0.033939, 0.219, 1, 32, 'elu', 'mse', ['SimpleRNN'], 'Adamax']",74.66782781641469,0.7063066958507449,6.264976637887215,0.3035542323029114,55.321976852417,74.66782781641469,0.6548684500506726,8.641054786101908,0.6944481532580177,7.166977291424838,0.3398481542687825,80.34869188308716,98.6307708342677,0.6878721889699702,9.931302574902634
19,8,418,"[0.02162, 0.461, 4, 16, 'sigmoid', 'mape', ['GRU'], 'Adam']",500,-0.0002270172855409,28.37289367007249,1.2976646249992825,91.73772733688357,1021.4162022817418,-3.721216183007215,31.959602661512264,-0.0003867851968439,32.48518935475981,1.2883690180725027,91.72841495513916,1371.4045675167608,-3.339959041938979,37.03247989963352
19,9,418,"[0.048852, 0.306, 1, 32, 'softsign', 'mae', ['LSTM'], 'Adadelta']",500,-0.1653635893363743,21.062221940968797,0.8628923525559892,90.35453807830812,683.0788850977902,-2.1573447526972527,26.135777874358173,-0.0562856794935973,24.811026519673423,0.8810117238465403,93.85228900909424,939.7285048636822,-1.9738731503831677,30.65499151628789
20,0,216,"[0.033313, 0.219, 1, 32, 'softsign', 'mse', ['GRU'], 'Nadam']",26.058230161110693,0.8875253081092461,3.379545992170263,0.1543403608203981,48.15432933807373,26.058230161110693,0.879552979811429,5.104726257216021,0.8799010074663061,4.38095353777594,0.1698656948153864,71.21050638198852,42.24419255138066,0.866313654062892,6.4995532578309305
20,1,216,"[0.033313, 0.219, 1, 32, 'softsign', 'mse', ['GRU'], 'Nadam']",26.058230161110693,0.8875253081092461,3.379545992170263,0.1543403608203981,48.15432933807373,26.058230161110693,0.879552979811429,5.104726257216021,0.8799010074663061,4.38095353777594,0.1698656948153864,71.21050638198852,42.24419255138066,0.866313654062892,6.4995532578309305
20,2,119,"[0.033313, 0.219, 2, 32, 'softsign', 'mse', [['GRU', 'GRU']], 'Nadam']",27.095617295577203,0.888215548394638,3.474606917081849,0.1569349069166676,49.107346572875976,27.095617295577203,0.8747579423758118,5.205345069789053,0.8819322721107092,4.380010933388298,0.1683832162614645,72.07219261169433,42.27500393456822,0.8662161480867367,6.501923095097959
20,3,219,"[0.027508, 0.299, 1, 32, 'softsign', 'mse', ['GRU'], 'Nadam']",27.213907674382995,0.8864974554618127,3.4857789753492177,0.1583617253818243,48.63558296203613,27.213907674382995,0.8742111775511847,5.2166950911839765,0.8786046587834719,4.488824990586284,0.1742663221492955,71.38283437728882,43.72661893974014,0.8616223543833093,6.6126105994334905
20,4,219,"[0.076634, 0.358, 1, 32, 'softsign', 'mse', ['GRU'], 'Nadam']",27.91717178407504,0.8847156532205175,3.519354976392631,0.1586404791991117,48.62001613616943,27.91717178407504,0.8709605321353502,5.283670294792724,0.8762203730118487,4.561652659187727,0.1752867961259053,71.40730518341064,45.23397344324607,0.8568521669697268,6.725620673458032
20,5,118,"[0.033939, 0.219, 2, 32, 'softsign', 'mse', [['LSTM', 'SimpleRNN']], 'Nadam']",32.318813160949404,0.8563818244902085,3.7372214155776673,0.170691267396454,48.38089447021484,32.318813160949404,0.8506151524029056,5.684963778332224,0.8409135881640304,4.9450174954412365,0.2016303915883434,70.59860033035278,54.11161711901457,0.8287578971573338,7.356059890934451
20,6,318,"[0.033939, 0.12, 1, 32, 'softsign', 'mse', ['LSTM'], 'RMSprop']",40.26949018776932,0.8732856575970298,4.573404598777682,0.2026881344597644,50.706284561157226,40.26949018776932,0.8138653290096285,6.345824626301086,0.8666363742447915,5.16620081984309,0.2044874326398819,72.72843450546264,52.975029105003344,0.8323547536541,7.278394679117322
20,7,119,"[0.040426, 0.383, 1, 16, 'tanh', 'mse', ['LSTM'], 'Nadam']",48.27622625671522,0.7781290375898517,4.956299995855162,0.2614102952659677,51.00654693603515,48.27622625671522,0.7768563880731816,6.948109545532168,0.7508514338441051,6.393608910367904,0.3245589635572497,64.6194548034668,78.75642067935149,0.750766733512484,8.874481431573988
20,8,319,"[0.076538, 0.345, 1, 32, 'selu', 'mae', ['LSTM'], 'Adagrad']",198.2552115325941,0.2113604354767384,10.423320079254989,0.5248271287606286,69.75408447265625,198.2552115325941,0.0836196733885182,14.080312906061218,0.3512546509562224,10.79688468630961,0.5618533563644615,86.10204300880432,210.0511307850232,0.3352703309347649,14.493140818505257
20,9,419,"[0.080305, 0.363, 4, 8, 'sigmoid', 'mae', ['SimpleRNN'], 'Adam']",216.9885454181008,0.0021940599512166,10.530237126028664,0.5680552739443573,64.35333602905274,216.9885454181008,-0.0029700232545897,14.730531063682015,0.0022898521184979,12.6883579463062,0.628553470931084,64.36640113830566,341.81329021796336,-0.081705365924583,18.488193265377863
